remote_type,avg_salary_usd
Remote,111038.25287341309
Hybrid,110981.67903697098
Onsite,110756.37487778418
