remote_type,avg_salary_usd
Onsite,111344.80827455672
Remote,110944.93688153342
Hybrid,110929.90544587902
