country,avg_salary_usd
USA,112503.8103754106
Germany,110882.73381368311
Canada,110450.43177644185
UK,109873.88114341532
