country,avg_salary_usd
USA,113117.61988620365
Germany,110636.7644152109
Canada,110536.75624116782
UK,110034.87355895196
